{"cameraMode":{"drawMode":0,"name":"Shaded","section":"Shading Mode"},"sceneLighting":true,"audioPlay":false,"sceneViewState":{"showFog":false,"showMaterialUpdate":false,"showSkybox":false,"showFlares":false,"showImageEffects":false,"showParticleSystems":false},"in2DMode":false,"pivot":{"x":4.499281883239746,"y":-12.726224899291993,"z":6.959115505218506},"rotation":{"x":-0.45095276832580569,"y":-0.19332696497440339,"z":0.10078561305999756,"w":-0.8655677437782288},"size":17.277084350585939,"orthographic":false}