{"cameraMode":{"drawMode":0,"name":"Shaded","section":"Shading Mode"},"sceneLighting":true,"audioPlay":false,"sceneViewState":{"showFog":false,"showMaterialUpdate":false,"showSkybox":false,"showFlares":false,"showImageEffects":false,"showParticleSystems":false},"in2DMode":false,"pivot":{"x":-0.18649077415466309,"y":-13.908638000488282,"z":3.8337268829345705},"rotation":{"x":-0.6017993092536926,"y":-0.21598999202251435,"z":0.1736091524362564,"w":-0.7490949034690857},"size":11.625825881958008,"orthographic":false}