{"cameraMode":{"drawMode":0,"name":"Shaded","section":"Shading Mode"},"sceneLighting":false,"audioPlay":false,"sceneViewState":{"showFog":false,"showMaterialUpdate":false,"showSkybox":false,"showFlares":false,"showImageEffects":false,"showParticleSystems":false},"in2DMode":false,"pivot":{"x":0.0,"y":0.22431981563568116,"z":-0.02884574979543686},"rotation":{"x":-0.030768437311053277,"y":0.9535107612609863,"z":-0.28122785687446597,"w":-0.10422752052545548},"size":3.84993839263916,"orthographic":false}