{"cameraMode":{"drawMode":0,"name":"Shaded","section":"Shading Mode"},"sceneLighting":true,"audioPlay":false,"sceneViewState":{"showFog":false,"showMaterialUpdate":false,"showSkybox":false,"showFlares":false,"showImageEffects":false,"showParticleSystems":false},"in2DMode":false,"pivot":{"x":33.36822509765625,"y":-19.20823097229004,"z":-4.061505317687988},"rotation":{"x":0.1697995513677597,"y":0.7071641087532044,"z":-0.18141579627990724,"w":0.6619710326194763},"size":21.42339324951172,"orthographic":false}